experiment,algorithm,budget,iterations,training_seconds,evaluation_seconds,checkpoint_seconds,profile_value_player_zero,best_response_value_player_zero,best_response_value_player_one,nash_conv,exploitability
iterations,cfr,100,100,0.009111206454690546,0.006006375013384968,0.0005563750164583325,-0.055987211609916245,-0.028620299574556668,0.07996977126845278,0.051349471693896115,0.025674735846948057
iterations,cfr,1000,1000,0.08772860304452479,0.01217466703383252,0.0009917090646922588,-0.05555721950490661,-0.047681226763959104,0.062219439581088075,0.01453821281712897,0.007269106408564485
iterations,cfr,10000,10000,1.1401322860037908,0.02114112605340779,0.0016234590439125896,-0.05554639582927181,-0.05434510701683374,0.058980679646773414,0.004635572629939674,0.002317786314969837
iterations,cfr_plus,100,100,0.013416708039585501,0.008772041997872293,0.00046579196350649,-0.053336076848843526,-0.03797256456507322,0.06945706247290116,0.031484497907827945,0.015742248953913972
iterations,cfr_plus,1000,1000,0.11549327202374116,0.016317625006195158,0.0009504999616183341,-0.05559701396238107,-0.05146994400154164,0.05712612779538678,0.0056561837938451445,0.0028280918969225723
iterations,cfr_plus,10000,10000,0.9533096910454333,0.022282332996837795,0.0027864999719895422,-0.055560587260890804,-0.0539878686712863,0.056271826277755066,0.0022839576064687672,0.0011419788032343836
seconds,cfr,0.1,1143,0.10001533356262371,0.007375708024483174,0.00042574998224154115,-0.055412392729739635,-0.04571589614452154,0.05980031187810007,0.014084415733578527,0.007042207866789264
seconds,cfr,0.5,4264,0.5000074047129601,0.01230645802570507,0.0009364579454995692,-0.0554656087901102,-0.05194871984153848,0.05908093668420946,0.007132216842670978,0.003566108421335489
seconds,cfr,1.0,10758,1.000007810536772,0.017567042028531432,0.001378623943310231,-0.055551650667994924,-0.05437600099129201,0.058721765603886124,0.004345764612594116,0.002172882306297058
seconds,cfr_plus,0.1,1349,0.1000502003589645,0.005178040999453515,0.0004118339857086539,-0.055507601807424735,-0.052343594681510265,0.05706809746234637,0.004724502780836103,0.0023622513904180513
seconds,cfr_plus,0.5,6698,0.5000213888706639,0.010700833052396774,0.0008792090229690075,-0.0555609257852589,-0.053653389224935545,0.056427568362811785,0.00277417913787624,0.00138708956893812
seconds,cfr_plus,1.0,13398,1.0000280800741166,0.01572225010022521,0.0013077090261504054,-0.05554932278231391,-0.05394026158179336,0.055861056466130855,0.0019207948843374956,0.0009603974421687478
